{"initial_reset_timestamp": 1504365536.4671578, "timestamps": [1504365536.8368251, 1504365538.6141086, 1504365539.8182807, 1504365541.0501924, 1504365542.2666852, 1504365543.4994786, 1504365544.6885216, 1504365545.9090664, 1504365547.469368, 1504365548.6786773, 1504365549.8682427, 1504365551.1027486, 1504365552.332713, 1504365553.5486429, 1504365554.8064883, 1504365555.9854918, 1504365557.2467842, 1504365558.437285, 1504365559.770466, 1504365560.9985545, 1504365562.216287, 1504365563.7285488, 1504365564.9230547, 1504365566.1124732, 1504365567.4263484, 1504365568.8943403, 1504365570.1977699, 1504365571.524786, 1504365572.8403027, 1504365574.1556673, 1504365575.3891225, 1504365576.5678825, 1504365577.775295, 1504365578.9755173, 1504365580.3656719, 1504365581.5917785, 1504365582.8232996, 1504365584.0115263, 1504365585.2553577, 1504365586.5803905, 1504365587.7718096, 1504365589.053279, 1504365590.2473743, 1504365591.4291055, 1504365592.6758664, 1504365593.8947573, 1504365595.1611183, 1504365596.3482125, 1504365597.6134708, 1504365598.8402045, 1504365600.0802586, 1504365601.3927226, 1504365602.669681, 1504365603.869287, 1504365605.0999036, 1504365606.3461444, 1504365607.5839128, 1504365608.9032242, 1504365610.1950533, 1504365611.4207609, 1504365612.7376044, 1504365614.124052, 1504365615.3698077, 1504365616.8948636, 1504365618.3989701, 1504365619.779769, 1504365621.3931577, 1504365622.9947338, 1504365624.4023113, 1504365625.7753751, 1504365627.1490066, 1504365628.613888, 1504365629.9372811, 1504365631.273902, 1504365632.6075675, 1504365633.997801, 1504365635.3127275, 1504365636.9847531, 1504365638.3086948, 1504365639.6459851, 1504365640.9013453, 1504365642.206319, 1504365643.5618696, 1504365644.9797149, 1504365646.2756493, 1504365647.6012316, 1504365648.9308708, 1504365650.2359836, 1504365651.4915466, 1504365652.7177029, 1504365654.0160909, 1504365655.288983, 1504365656.5605707, 1504365657.8014896, 1504365659.0842624, 1504365660.3960943, 1504365661.7634678, 1504365663.0068228, 1504365664.337395, 1504365665.7354658, 1504365667.175409, 1504365668.448189, 1504365669.6690247, 1504365670.8679965, 1504365672.1885512, 1504365673.3928418, 1504365674.6082027, 1504365675.805108, 1504365677.079011, 1504365678.2684057, 1504365679.5975504, 1504365680.7881389, 1504365682.0563138, 1504365683.3094702, 1504365684.515098, 1504365685.7500706, 1504365686.936897, 1504365688.278918, 1504365689.4953537, 1504365690.7388668, 1504365692.037031, 1504365693.2350261, 1504365694.4249792, 1504365695.6653984, 1504365696.9005542, 1504365698.2917113, 1504365699.4928303, 1504365700.6757033, 1504365701.915403, 1504365703.1471357, 1504365704.4279308, 1504365705.639707, 1504365706.8468251, 1504365708.0354407, 1504365709.2990763, 1504365710.5092893, 1504365711.7814572, 1504365713.0529356, 1504365714.2333567, 1504365715.5310864, 1504365716.7552407, 1504365717.9959652, 1504365719.2543447], "episode_lengths": [274, 332, 184, 230, 217, 241, 182, 241, 398, 175, 167, 240, 234, 221, 272, 178, 284, 175, 364, 240, 212, 243, 179, 184, 337, 229, 336, 179, 345, 336, 233, 165, 199, 190, 440, 227, 233, 192, 261, 339, 180, 285, 182, 173, 251, 215, 271, 171, 272, 218, 238, 326, 295, 175, 230, 252, 244, 368, 295, 190, 312, 414, 219, 419, 182, 171, 263, 504, 378, 316, 322, 438, 221, 275, 277, 354, 260, 389, 282, 279, 186, 235, 303, 373, 227, 269, 279, 236, 181, 163, 239, 176, 218, 179, 208, 231, 301, 170, 280, 284, 340, 226, 198, 179, 344, 179, 186, 177, 271, 196, 358, 173, 273, 242, 188, 238, 174, 342, 199, 237, 293, 188, 169, 218, 244, 214, 170, 175, 230, 232, 277, 206, 183, 171, 273, 186, 269, 282, 173, 229, 174, 178, 248], "episode_rewards": [2.0, 3.0, 0.0, 1.0, 1.0, 1.0, 0.0, 1.0, 4.0, 0.0, 0.0, 1.0, 1.0, 1.0, 2.0, 0.0, 2.0, 0.0, 3.0, 1.0, 1.0, 1.0, 0.0, 0.0, 3.0, 1.0, 3.0, 0.0, 3.0, 3.0, 1.0, 0.0, 1.0, 0.0, 4.0, 1.0, 1.0, 0.0, 2.0, 4.0, 0.0, 2.0, 0.0, 0.0, 2.0, 1.0, 2.0, 0.0, 2.0, 1.0, 1.0, 3.0, 2.0, 0.0, 1.0, 1.0, 1.0, 3.0, 2.0, 0.0, 3.0, 5.0, 1.0, 5.0, 0.0, 0.0, 2.0, 8.0, 3.0, 2.0, 3.0, 5.0, 1.0, 2.0, 2.0, 3.0, 2.0, 4.0, 2.0, 2.0, 0.0, 1.0, 2.0, 4.0, 1.0, 1.0, 2.0, 1.0, 0.0, 0.0, 1.0, 0.0, 1.0, 0.0, 1.0, 1.0, 2.0, 0.0, 2.0, 2.0, 3.0, 1.0, 0.0, 0.0, 3.0, 0.0, 0.0, 0.0, 2.0, 0.0, 3.0, 0.0, 2.0, 1.0, 0.0, 1.0, 0.0, 3.0, 0.0, 1.0, 2.0, 0.0, 0.0, 1.0, 1.0, 1.0, 0.0, 0.0, 1.0, 1.0, 2.0, 1.0, 0.0, 0.0, 2.0, 0.0, 2.0, 2.0, 0.0, 1.0, 0.0, 0.0, 1.0], "episode_types": ["t", "t", "t", "t", "t", "t", "t", "t", "t", "t", "t", "t", "t", "t", "t", "t", "t", "t", "t", "t", "t", "t", "t", "t", "t", "t", "t", "t", "t", "t", "t", "t", "t", "t", "t", "t", "t", "t", "t", "t", "t", "t", "t", "t", "t", "t", "t", "t", "t", "t", "t", "t", "t", "t", "t", "t", "t", "t", "t", "t", "t", "t", "t", "t", "t", "t", "t", "t", "t", "t", "t", "t", "t", "t", "t", "t", "t", "t", "t", "t", "t", "t", "t", "t", "t", "t", "t", "t", "t", "t", "t", "t", "t", "t", "t", "t", "t", "t", "t", "t", "t", "t", "t", "t", "t", "t", "t", "t", "t", "t", "t", "t", "t", "t", "t", "t", "t", "t", "t", "t", "t", "t", "t", "t", "t", "t", "t", "t", "t", "t", "t", "t", "t", "t", "t", "t", "t", "t", "t", "t", "t", "t", "t"]}